,Status,Ano/Período de ingresso,Contagem Feminino
16,CONCLUÍDO,2013,0.01470588235
17,CONCLUÍDO,2014,0.01470588235
18,CONCLUÍDO,2015,0.01470588235
19,CONCLUÍDO,2016,0.04411764706
20,CONCLUÍDO,2017,0.01470588235
0,ATIVO,2018,0.02941176471
21,CONCLUÍDO,2018,0.04411764706
28,FORMANDO,2019,0.02941176471
1,ATIVO,2019,0.02941176471
2,ATIVO,2020,0.07352941176
3,ATIVO,2021,0.2205882353
4,ATIVO,2022,0.2205882353
5,ATIVO,2023,0.25