SITUACAO,FEMININO,MASCULINO
APROVADO,1,0.7051282051
REP. MÉDIA/FALTAS,0.4268292683,0.7820512821
INDEFERIDO,0.7012195122,1
REPROVADO,0.3780487805,0.5
TRANCADO,0.1707317073,0.3205128205
DISPENSADO,0.1036585366,0.07692307692
DESISTÊNCIA,0.03048780488,0.06837606838
EXCLUÍDA,0.04268292683,0.01709401709
CANCELADO,0.1036585366,0.1239316239
REP.FALTA,0,0