SITUACAO,FEMININO,MASCULINO
APROVADO,1,0.9765625
REP. MÉDIA/FALTAS,0.8307692308,1
INDEFERIDO,0.8615384615,0.8828125
REPROVADO,0.7538461538,0.703125
TRANCADO,0.4307692308,0.46875
DISPENSADO,0.03076923077,0.3515625
DESISTÊNCIA,0.06153846154,0.125
EXCLUÍDA,0.06153846154,0.046875
CANCELADO,0.04615384615,0.0078125
REP.FALTA,0,0