SITUACAO,FEMININO,MASCULINO
APROVADO,1,1
REP. MÉDIA/FALTAS,0.4919786096,0.79
INDEFERIDO,0.6203208556,0.995
REPROVADO,0.486631016,0.56
TRANCADO,0.1764705882,0.215
DISPENSADO,0.1497326203,0.185
DESISTÊNCIA,0.04278074866,0.06
EXCLUÍDA,0,0.005
CANCELADO,0.06417112299,0.11
REP.FALTA,0.005347593583,0