SITUACAO,FEMININO,MASCULINO
APROVADO,1,1
REP. MÉDIA/FALTAS,0.1064638783,0.315
INDEFERIDO,0.3117870722,0.445
REPROVADO,0.2737642586,0.41
TRANCADO,0.2433460076,0.29
DISPENSADO,0.08745247148,0.17
DESISTÊNCIA,0.03041825095,0.05
EXCLUÍDA,0.007604562738,0.01
CANCELADO,0.08365019011,0.135
REP.FALTA,0,0