SITUACAO,FEMININO,MASCULINO
APROVADO,1,1
REP. MÉDIA/FALTAS,0.01444043321,0.01287553648
INDEFERIDO,0.3393501805,0.4635193133
REPROVADO,0.3898916968,0.7467811159
TRANCADO,0.2093862816,0.30472103
DISPENSADO,0.06498194946,0
DESISTÊNCIA,0.06498194946,0.04291845494
EXCLUÍDA,0.02166064982,0
CANCELADO,0.1407942238,0.1115879828
REP.FALTA,0,0