SITUACAO,FEMININO,MASCULINO
APROVADO,1,1
REP. MÉDIA/FALTAS,0,0
INDEFERIDO,0.5610859729,0.6254826255
REPROVADO,0.3665158371,0.6833976834
TRANCADO,0.2081447964,0.1544401544
DISPENSADO,0,0.2664092664
DESISTÊNCIA,0.05882352941,0.02702702703
EXCLUÍDA,0.02262443439,0.08494208494
CANCELADO,0.05429864253,0.03088803089
REP.FALTA,0,0